<?xml version="1.0" encoding="UTF-8" ?>
<XMLDB PATH="local/booking/db" VERSION="20230125" COMMENT="XMLDB file for Moodle local/booking"
    xmlns:xsi="http://www.w3.org/2001/XMLSchema-instance"
    xsi:noNamespaceSchemaLocation="../../../lib/xmldb/xmldb.xsd"
>
  <TABLES>
    <TABLE NAME="local_booking_sessions" COMMENT="Booked sessions for student exercises">
      <FIELDS>
        <FIELD NAME="id" TYPE="int" LENGTH="10" NOTNULL="true" SEQUENCE="true"/>
        <FIELD NAME="userid" TYPE="int" LENGTH="10" NOTNULL="true" DEFAULT="0" SEQUENCE="false" COMMENT="Instructor user id of the booking"/>
        <FIELD NAME="studentid" TYPE="int" LENGTH="10" NOTNULL="true" DEFAULT="0" SEQUENCE="false" COMMENT="Student user id of the booking"/>
        <FIELD NAME="courseid" TYPE="int" LENGTH="10" NOTNULL="false" SEQUENCE="false" COMMENT="Id of the course"/>
        <FIELD NAME="exerciseid" TYPE="int" LENGTH="10" NOTNULL="false" SEQUENCE="false" COMMENT="Id of the assignment course module"/>
        <FIELD NAME="slotid" TYPE="int" LENGTH="10" NOTNULL="true" DEFAULT="0" SEQUENCE="false" COMMENT="The slot id field"/>
        <FIELD NAME="confirmed" TYPE="int" LENGTH="3" NOTNULL="true" DEFAULT="0" SEQUENCE="false" COMMENT="Has the booking been confirmed"/>
        <FIELD NAME="noshow" TYPE="int" LENGTH="3" NOTNULL="true" DEFAULT="0" SEQUENCE="false" COMMENT="The student did not show up to the booked session"/>
        <FIELD NAME="active" TYPE="int" LENGTH="3" NOTNULL="true" DEFAULT="1" SEQUENCE="false" COMMENT="Indicates whether the booking is active or not (session conducted)"/>
        <FIELD NAME="timemodified" TYPE="int" LENGTH="10" NOTNULL="false" SEQUENCE="false" COMMENT="Timestamp when the booking was created/modified"/>
      </FIELDS>
      <KEYS>
        <KEY NAME="primary" TYPE="primary" FIELDS="id"/>
        <KEY NAME="instructoruser" TYPE="foreign" FIELDS="userid" REFTABLE="user" REFFIELDS="id" COMMENT="Instructor's user id"/>
        <KEY NAME="studentuser" TYPE="foreign" FIELDS="studentid" REFTABLE="user" REFFIELDS="id" COMMENT="student's user id"/>
        <KEY NAME="exercisemodule" TYPE="foreign" FIELDS="exerciseid" REFTABLE="module" REFFIELDS="course_modules" COMMENT="Module id of the exercise"/>
        <KEY NAME="bookingslot" TYPE="foreign" FIELDS="slotid" REFTABLE="availability_slot" REFFIELDS="id" COMMENT="Slot id associated with the booking."/>
      </KEYS>
    </TABLE>
    <TABLE NAME="local_booking_slots" COMMENT="Records student availability slots for session booking">
      <FIELDS>
        <FIELD NAME="id" TYPE="int" LENGTH="10" NOTNULL="true" SEQUENCE="true"/>
        <FIELD NAME="userid" TYPE="int" LENGTH="10" NOTNULL="true" DEFAULT="0" SEQUENCE="false" COMMENT="student's user id"/>
        <FIELD NAME="courseid" TYPE="int" LENGTH="10" NOTNULL="true" DEFAULT="0" SEQUENCE="false" COMMENT="Course Id"/>
        <FIELD NAME="week" TYPE="int" LENGTH="3" NOTNULL="true" DEFAULT="0" SEQUENCE="false" COMMENT="timeslot week"/>
        <FIELD NAME="year" TYPE="int" LENGTH="5" NOTNULL="true" DEFAULT="0" SEQUENCE="false" COMMENT="timeslot year"/>
        <FIELD NAME="starttime" TYPE="int" LENGTH="10" NOTNULL="true" DEFAULT="0" SEQUENCE="false" COMMENT="Start time timestamp of the slot"/>
        <FIELD NAME="endtime" TYPE="int" LENGTH="10" NOTNULL="true" DEFAULT="0" SEQUENCE="false" COMMENT="End time timestamp of the slot"/>
        <FIELD NAME="slotstatus" TYPE="char" LENGTH="20" NOTNULL="false" SEQUENCE="false" COMMENT="status indicating timeslot's marked and booking status"/>
        <FIELD NAME="notified" TYPE="int" LENGTH="3" NOTNULL="false" DEFAULT="0" SEQUENCE="false" COMMENT="Indicate whether the slot posting has been notified"/>
        <FIELD NAME="bookinginfo" TYPE="char" LENGTH="500" NOTNULL="false" SEQUENCE="false" COMMENT="Information about the booking includes the exercise and instructor information."/>
      </FIELDS>
      <KEYS>
        <KEY NAME="primary" TYPE="primary" FIELDS="id"/>
        <KEY NAME="slottouser" TYPE="foreign" FIELDS="userid" REFTABLE="user" REFFIELDS="id" COMMENT="Student's user id"/>
        <KEY NAME="slottocourse" TYPE="foreign" FIELDS="courseid" REFTABLE="course" REFFIELDS="id" COMMENT="Foreign key for courses"/>
      </KEYS>
      <INDEXES>
        <INDEX NAME="userweeklyslots" UNIQUE="false" FIELDS="userid, week, year" COMMENT="Retrieving user's weekly slots"/>
      </INDEXES>
    </TABLE>
    <TABLE NAME="local_booking_logbooks" COMMENT="Pilot's logbook">
      <FIELDS>
        <FIELD NAME="id" TYPE="int" LENGTH="10" NOTNULL="true" SEQUENCE="true"/>
        <FIELD NAME="courseid" TYPE="int" LENGTH="10" NOTNULL="true" DEFAULT="0" SEQUENCE="false" COMMENT="Logbook entry associated course"/>
        <FIELD NAME="exerciseid" TYPE="int" LENGTH="10" NOTNULL="true" DEFAULT="0" SEQUENCE="false" COMMENT="Exercise assignment module id associated with the logentry"/>
        <FIELD NAME="userid" TYPE="int" LENGTH="10" NOTNULL="true" DEFAULT="0" SEQUENCE="false" COMMENT="Student pilot user id"/>
        <FIELD NAME="flightdate" TYPE="int" LENGTH="10" NOTNULL="true" SEQUENCE="false" COMMENT="Date when the flight took place"/>
        <FIELD NAME="p1id" TYPE="int" LENGTH="10" NOTNULL="true" SEQUENCE="false" COMMENT="P1 (instructor) user id"/>
        <FIELD NAME="p2id" TYPE="int" LENGTH="10" NOTNULL="true" SEQUENCE="false" COMMENT="P2 (student) user id"/>
        <FIELD NAME="pirep" TYPE="int" LENGTH="10" NOTNULL="true" SEQUENCE="false" COMMENT="Pilot report id number for the flight"/>
        <FIELD NAME="groundtime" TYPE="int" LENGTH="5" NOTNULL="true" DEFAULT="0" SEQUENCE="false" COMMENT="Training session overall time, logged for both instructor and student"/>
        <FIELD NAME="flighttime" TYPE="int" LENGTH="5" NOTNULL="true" DEFAULT="0" SEQUENCE="false" COMMENT="Flight total time logged"/>
        <FIELD NAME="pictime" TYPE="int" LENGTH="5" NOTNULL="true" DEFAULT="0" SEQUENCE="false" COMMENT="Pilot in command (PIC) time is logged by a multi-crew flight captain, the instructor of dual flight, or the student on his/her checkride only if they pass"/>
        <FIELD NAME="dualtime" TYPE="int" LENGTH="5" NOTNULL="true" DEFAULT="0" SEQUENCE="false" COMMENT="Dual time is logged only by the student in a training flight"/>
        <FIELD NAME="instructortime" TYPE="int" LENGTH="5" NOTNULL="true" DEFAULT="0" SEQUENCE="false" COMMENT="Instructor time is only logged by the instructor in a training flight"/>
        <FIELD NAME="picustime" TYPE="int" LENGTH="5" NOTNULL="true" DEFAULT="0" SEQUENCE="false" COMMENT="Pilot in command under supervision (PICUS) time is only logged the FO and the student that passes a checkride"/>
        <FIELD NAME="multipilottime" TYPE="int" LENGTH="5" NOTNULL="true" DEFAULT="0" SEQUENCE="false" COMMENT="Multicrew (multipilot) operation time, logged for each pilot in the crew flight"/>
        <FIELD NAME="copilottime" TYPE="int" LENGTH="5" NOTNULL="true" DEFAULT="0" SEQUENCE="false" COMMENT="Copilot multi-crew time is only logged by co-pilots in a multi-crewed flights"/>
        <FIELD NAME="checkpilottime" TYPE="int" LENGTH="5" NOTNULL="true" DEFAULT="0" SEQUENCE="false" COMMENT="Examiner time is only logged by the examiner on check rides"/>
        <FIELD NAME="callsign" TYPE="char" LENGTH="10" NOTNULL="true" SEQUENCE="false" COMMENT="flight callsign for the flight"/>
        <FIELD NAME="flighttype" TYPE="char" LENGTH="100" NOTNULL="true" SEQUENCE="false" COMMENT="Flight type: training, solo, or a line check / check ride"/>
        <FIELD NAME="fstd" TYPE="char" LENGTH="100" NOTNULL="true" SEQUENCE="false" COMMENT="Flight Simulation Training Device Qualification"/>
        <FIELD NAME="depicao" TYPE="char" LENGTH="5" NOTNULL="true" SEQUENCE="false" COMMENT="Flight departure airport ICAO"/>
        <FIELD NAME="deptime" TYPE="int" LENGTH="10" NOTNULL="true" SEQUENCE="false" COMMENT="Flight departure time"/>
        <FIELD NAME="arricao" TYPE="char" LENGTH="5" NOTNULL="true" SEQUENCE="false" COMMENT="Flight arrival airport ICAO"/>
        <FIELD NAME="arrtime" TYPE="int" LENGTH="10" NOTNULL="true" SEQUENCE="false" COMMENT="Flight arrival time"/>
        <FIELD NAME="aircraft" TYPE="char" LENGTH="7" NOTNULL="true" SEQUENCE="false" COMMENT="Aircraft ICAO code"/>
        <FIELD NAME="aircraftreg" TYPE="char" LENGTH="7" NOTNULL="true" SEQUENCE="false" COMMENT="Aircraft registration"/>
        <FIELD NAME="enginetype" TYPE="char" LENGTH="2" NOTNULL="true" SEQUENCE="false" COMMENT="Aircraft engine type single vs multiple engine (SE/ME)"/>
        <FIELD NAME="route" TYPE="char" LENGTH="500" NOTNULL="true" SEQUENCE="false"/>
        <FIELD NAME="landingsday" TYPE="int" LENGTH="1" NOTNULL="true" DEFAULT="1" SEQUENCE="false" COMMENT="Number of day landings for the flight"/>
        <FIELD NAME="landingsnight" TYPE="int" LENGTH="1" NOTNULL="true" DEFAULT="0" SEQUENCE="false" COMMENT="Number of night landings for the flight"/>
        <FIELD NAME="nighttime" TYPE="int" LENGTH="5" NOTNULL="true" DEFAULT="0" SEQUENCE="false" COMMENT="Operational night time is the portion of the flight flown in night time. Logged by all pilots flying the aircraft"/>
        <FIELD NAME="ifrtime" TYPE="int" LENGTH="5" NOTNULL="true" DEFAULT="0" SEQUENCE="false" COMMENT="Operational IFR time is the portion of the flight flown under Instrument Flight Rules, logged for all pilots flying the aircraft"/>
        <FIELD NAME="remarks" TYPE="char" LENGTH="500" NOTNULL="true" SEQUENCE="false" COMMENT="Open remarks for the instructor"/>
        <FIELD NAME="linkedlogentryid" TYPE="int" LENGTH="10" NOTNULL="true" DEFAULT="0" SEQUENCE="false" COMMENT="Linked to another logentry (instructor/student)"/>
        <FIELD NAME="createdby" TYPE="int" LENGTH="10" NOTNULL="true" SEQUENCE="false"/>
        <FIELD NAME="timecreated" TYPE="int" LENGTH="10" NOTNULL="true" SEQUENCE="false"/>
        <FIELD NAME="timemodified" TYPE="int" LENGTH="10" NOTNULL="true" DEFAULT="0" SEQUENCE="false"/>
      </FIELDS>
      <KEYS>
        <KEY NAME="primary" TYPE="primary" FIELDS="id"/>
        <KEY NAME="exerciseid" TYPE="foreign" FIELDS="exerciseid" REFTABLE="mdl_course_modules" REFFIELDS="id" COMMENT="Exercise id foreign key against course modules"/>
      </KEYS>
      <INDEXES>
        <INDEX NAME="userid" UNIQUE="false" FIELDS="userid" COMMENT="Indexing user id lookups"/>
        <INDEX NAME="courseid" UNIQUE="false" FIELDS="courseid" COMMENT="Course id index for lookup"/>
      </INDEXES>
    </TABLE>
  </TABLES>
</XMLDB>
